id,childName,childBirthDate,parentName,phone,email,paymentMethod,paymentFrequency,status,attendanceData,groupId,userId,acceptedTerms,acceptedComms,createdAt,updatedAt,notes,isEmpi,hasSiblings
cmtj5jaow0002hhzbvjvzxefo,Alicia Barea,2024-04-02,"Irene García ",669324498,irenegt92@gmail.com,efectivo,mensual,active,"{""2026-09"":[false,false,""present"",""present""]}",cmt4oegkf00075518yju8jb9c,cmtj5j9yz0000hhzbig1lvzux,true,true,2026-09-01 21:00:53.6,2026-09-25 16:31:17.901,,false,false
cmtk4r5j00002iiyme6m18dmz,Mateo Torrecillas Manzanares,2024-11-05,"Irene Manzanares García ",686602255,irenemanzanaresgarcia@gmail.com,stripe,mensual,active,"{""2026-09"":[null,null,""absent"",""present""]}",cmt4oegkf00035518jln81z7v,cmtk4r4qs0000iiymctlx4d1k,true,true,2026-09-02 13:26:46.717,2026-09-24 18:31:31.161,,false,false
cmtk8mc8w00026m0wv2njzv6f,Azahara Hernandez,2024-02-04,"Azahara Sánchez ",675838880,azahara.sm@outlook.com,efectivo,trimestral,active,"{""2026-09"":[false,""present"",true,""present""]}",cmt4oegkf00015518dwgvruls,cmtk8mbwu00006m0wff48qmyc,true,true,2026-09-02 15:15:00.609,2026-09-29 17:33:55.25,,true,true
cmtk8ov5m00066m0wgxfxuyki,"Valentina Hernández ",2024-02-04,"Azahara Sánchez ",675838880,azahara.sm@outlook.com,efectivo,trimestral,active,"{""2026-09"":[false,""present"",true,""present""]}",cmt4oegkf00015518dwgvruls,cmtk8mbwu00006m0wff48qmyc,true,true,2026-09-02 15:16:58.426,2026-09-29 17:34:05.613,,true,true
cmtk97nux000f6m0wdykk6uht,"Vega Díaz Hernández ",2026-08-26,Cristina Hernández Avilés,622830188,cristinaheravi@gmail.com,stripe,trimestral,active,"{""2026-09"":[false,false,true,""present""]}",cmt4oegkf00035518jln81z7v,cmtk97n5a000d6m0wahs95a9l,true,true,2026-09-02 15:31:35.433,2026-09-24 18:31:43.741,,true,false
cmtka233r0006kx1n178l9gtg,"Helena Mateos Garcia ",2025-05-23,"Irene García García ",610347661,irene.garciag05@gmail.com,stripe,trimestral,active,"{""2026-09"":[null,null,""present"",""present""]}",cmt4oegkf00045518wqdsfgfi,cmtka22e40004kx1n1ahrqzna,true,true,2026-09-02 15:55:14.872,2026-09-24 18:30:43.38,,false,false
cmtka3bnn0002p0y26tgs8034,Camila Zazil Alarcón Hernández,2023-08-01,Elvy Natali Hernández Ceballos,604065499,elvynatalih@gmail.com,stripe,trimestral,active,"{""2026-09"":[false,false,true,""absent""]}",cmt4oegkf00085518k8pvvczl,cmtka3azh0000p0y2howyyqhf,true,true,2026-09-02 15:56:12.611,2026-09-25 17:37:34.184,,false,false
cmtkbi4bs0002oekp6xyp5f70,Isabella García Jacobo,2024-02-05,Maribel Jacobo Pérez,606047659,maribeljp87@gmail.com,efectivo,trimestral,active,"{""2026-09"":[false,""present"",true,""absent""]}",cmt4oegkf00015518dwgvruls,cmtkbi3la0000oekp6r193ltr,true,true,2026-09-02 16:35:42.568,2026-09-29 17:34:00.702,,false,false
cmtkbukzb000goekpd238bofp,"Antonio Moreno Torá ",2024-08-07,Margarita Moreno Molina,670651700,margarita.moreno.molina@hotmail.com,stripe,mensual,active,"{""2026-09"":[null,null,""present"",""present""]}",cmt4oegkf00065518hqasuf8x,cmtkbuk9r000eoekpguuzvm3a,true,true,2026-09-02 16:45:24.023,2026-09-25 15:19:13.242,,true,false
cmtkc22n4000loekp068d3why,"Cayetana Pérez Fernández ",2024-05-13,"María Fernández ",600116030,fergarmaria1@gmail.com,stripe,trimestral,active,"{""2026-09"":[false,""present"",""absent"",""present""]}",cmt4oegkf00025518orox2fob,cmtkc21yg000joekppkd7pc8i,true,true,2026-09-02 16:51:13.504,2026-09-29 17:32:56.543,,false,false
cmtkcu9a6000231y9swzn187d,Marco Pelegrin- Serrano,2022-10-03,"Lydia Serrano Diaz ",660181058,lydiaserranodiaz@gmail.com,stripe,mensual,active,"{""2026-09"":[false,false,true,""present""]}",cmt4oegkf00085518k8pvvczl,cmtkcu8kh000031y9oj5uva3t,true,true,2026-09-02 17:13:08.478,2026-09-25 17:37:36.533,,false,false
cmtkdu0rf0002mjcv5ykqrxbd,Mar Victoria Prieto,2024-12-24,María Dolores Victoria Rodenas,667836456,dvrdoc@gmail.com,stripe,trimestral,active,"{""2026-09"":[null,null,""absent"",""present""]}",cmt4oegkf00045518wqdsfgfi,cmtkdu02w0000mjcviu5yrhy1,true,true,2026-09-02 17:40:57.052,2026-09-24 18:30:45.824,,false,false
cmtkdzp7y0009mjcvasf9e61x,"Amalia Murcia Martínez ",2023-06-27,"Carlos Martínez Martínez ",696055364,cmartinezmtez@gmail.com,stripe,trimestral,active,"{""2026-09"":[null,null,""present"",""present""]}",cmt4oegkf00055518m63b0bpz,cmtkdzokf0007mjcvp3q9hhbq,true,true,2026-09-02 17:45:22.031,2026-09-24 18:32:04.097,Cambiar a númer de cuenta el medio mes de septiembre,false,true
cmtke5onz000kmjcviitsr6yy,"Pedro Murcia Martínez ",2025-03-05,María Ángeles Murcia Montiel,680832802,marieangels_9@hotmail.com,stripe,mensual,active,"{""2026-09"":[false,""present"",true,""present""]}",cmt4oegkf00015518dwgvruls,cmtke5o05000imjcv5chhmvaz,true,true,2026-09-02 17:50:01.247,2026-09-29 17:34:04.013,,false,true
cmtkhpmbw0002f1peetjoe96g,Germán López Cruz,2025-01-18,"Jesús Cruz Membrives ",647147182,jcruzmem@gmail.com,stripe,trimestral,active,"{""2026-09"":[false,""present"",true,""present""]}",cmt4oegkf00015518dwgvruls,cmtkhplmk0000f1pefyr1qyy4,true,true,2026-09-02 19:29:30.188,2026-09-29 17:33:58.201,,false,false
cmtkidw6c0002i0lz3uo9adcl,"Nolan Merino Vélez ",2024-06-27,"María A. Vélez ",678811258,velezcamachomaria@gmail.com,stripe,mensual,active,"{""2026-09"":[null,null,""absent"",""present""]}",cmt4oegkf00035518jln81z7v,cmtkidvh10000i0lzxi9s0few,true,true,2026-09-02 19:48:22.692,2026-09-24 18:31:35.658,,true,false
cmtkj035s000631kx9e3jn661,"Sebastián Moreno Illán ",2024-03-18,Ana Illán Franco,635561278,anaillanfranco@gmail.com,stripe,mensual,active,"{""2026-09"":[false,false,true,""present""]}",cmt4oegkf00075518yju8jb9c,cmtkj02gp000431kxmrljm53l,true,true,2026-09-02 20:05:38.177,2026-09-25 16:32:04.29,,false,false
cmtkj9y820006jvfs74nvaqmh,Allende González Parraga,2023-11-01,"Roxana Parraga Fernandez ",646143121,roxana.parraga92@hotmail.com,stripe,mensual,active,"{""2026-09"":[null,null,""present"",""present""]}",cmt4oegkf00055518m63b0bpz,cmtkeeecj000512mznwe1qhjx,true,true,2026-09-02 20:13:18.339,2026-09-24 18:32:01.877,,false,false
cmtkjk9mq000jjvfsq21w16un,Adhara Martinez,2024-02-22,"Adriana Nicolás ",659765551,adrianika01@hotmail.com,efectivo,trimestral,active,"{""2026-09"":[null,""present"",""present"",""present""]}",cmt4oegkf00005518cm4ohujd,cmtkjk9c1000hjvfshicchnzt,true,true,2026-09-02 20:21:19.682,2026-09-29 15:20:51.873,,false,false
cmtkjudbg000sjvfsxdriqr9g,"Noah Baño Fernández ",2023-10-17,Alicia Fernández Sotos,667264687,alicia.fersotal@gmail.com,stripe,trimestral,active,"{""2026-09"":[false,false,true,""present""]}",cmt4oegkf00085518k8pvvczl,cmtkjucn3000qjvfsuckmz0pq,true,true,2026-09-02 20:29:11.02,2026-09-25 17:37:39.09,,false,true
cmtkk58cx0001t7gee00tbsf0,"Alma Baño Fernández ",2025-02-11,Alicia Fernández Sotos,667264687,alicia.fersotal@gmail.com,stripe,trimestral,active,"{""2026-09"":[false,false,true,""present""]}",cmt4oegkf00075518yju8jb9c,cmtkjucn3000qjvfsuckmz0pq,true,true,2026-09-02 20:37:37.809,2026-09-25 16:31:20.512,Preguntar si quiere pago mensual o trimestral,false,true
cmtkkdhro0013jvfsdad3leu5,"Bruno Hernández Pérez ",2024-05-23,"Araceli Hernández Pérez ",660873036,aracelihernandezperez8@gmail.com,stripe,trimestral,active,"{""2026-09"":[false,false,true,""present""]}",cmt4oegkf00045518wqdsfgfi,cmtkkdh3e0011jvfsdl463whc,true,true,2026-09-02 20:44:03.252,2026-09-24 18:30:36.639,,false,false
cmtkkfv94001ajvfsxwab8lgl,Alejandra Cereijo Lopez,2025-05-23,Pablo Cereijo Hernandez,660770773,pcereijoh@gmail.com,stripe,trimestral,active,"{""2026-09"":[false,""present"",""present"",""present""]}",cmt4oegkf00015518dwgvruls,cmtkkfujl0018jvfsx82mxf2c,true,true,2026-09-02 20:45:54.041,2026-09-29 17:33:50.783,,true,false
cmtkl14ta0002h4k2fc57uoqr,Diego Aix,2025-06-09,"Andrea Leal ",669481922,andrea.leal55555@gmail.com,stripe,trimestral,active,"{""2026-09"":[false,""present"",true,""present""]}",cmt4oegkf00005518cm4ohujd,cmtkl143y0000h4k2iockei9v,true,true,2026-09-02 21:02:26.206,2026-09-29 15:20:53.754,,true,false
cmtkl3qin0007h4k205bxridw,"Beltrán Sánchez López ",2024-09-27,"Davinia López García ",635817844,davinialo88@gmail.com,stripe,trimestral,active,"{""2026-09"":[false,false,true,""present""]}",cmt4oegkf00075518yju8jb9c,cmtkl3ptt0005h4k2lljbsuxr,true,true,2026-09-02 21:04:27.648,2026-09-27 18:56:57.599,,false,false
cmtkmbw6m0002hekl43bny1rq,Antonio García López,2024-02-29,Carmen López Albert,616422702,carmen.lopez.albert@live.com,stripe,trimestral,active,"{""2026-09"":[false,""present"",true,""present""]}",cmt4oegkf00015518dwgvruls,cmtkmbvi00000heklytj0u4b9,true,true,2026-09-02 21:38:47.854,2026-09-29 17:33:52.126,,false,false
cmtl8f2uf0004arxr0338jquk,"Eneko Campillo Colado ",2026-01-15,"Raquel Colado Manero ",666172772,camcola.family@gmail.com,stripe,mensual,active,"{""2026-09"":[false,false,true,""present""]}",cmt4oegkf00035518jln81z7v,cmtl8f25m0002arxr7ibxagyq,true,true,2026-09-03 07:57:08.007,2026-09-24 18:31:14.671,,false,false
cmtl8sjyi00029czesmd47tt7,León Segura López-Acosta,2025-01-26,Ana López-Acosta Pascual de Riquelme,626322282,alopezacostavdg@gmail.com,stripe,trimestral,active,"{""2026-09"":[null,null,""present"",""present""]}",cmt4oegkf00065518hqasuf8x,cmtl8sj9900009cze2qvob036,true,true,2026-09-03 08:07:36.715,2026-09-25 15:19:26.239,,false,false
cmtl9le1p0002100r8jgdj6it,Alejandra De Los Ríos García - Estañ,2023-05-23,Cristina García - Estañ Vidal,689481117,cristigev94@gmail.com,stripe,trimestral,active,"{""2026-09"":[null,null,""present"",""present""]}",cmt4oegkf00055518m63b0bpz,cmtl9ldct0000100rop1l1gjd,true,true,2026-09-03 08:30:02.077,2026-09-24 18:32:00.093,,false,true
cmtl9olnv000162pqxcepw66u,Rodrigo De Los Ríos Garcia - Estañ,2023-05-23,Cristina García - Estañ Vidal,689481117,cristigev94@gmail.com,stripe,trimestral,active,"{""2026-09"":[null,null,""present"",""present""]}",cmt4oegkf00055518m63b0bpz,cmtl9ldct0000100rop1l1gjd,true,true,2026-09-03 08:32:31.916,2026-09-24 18:32:14.065,,false,true
cmtlaw7lo0002nuyw1mwux7ru,Gala Monreal,2024-05-05,"Carmen Roca ",628093594,carmenrocaguillen@gmail.com,stripe,trimestral,active,"{""2026-09"":[false,""present"",true,""present""]}",cmt4oegkf00015518dwgvruls,cmtlaw6wb0000nuyw6wjwb31h,true,true,2026-09-03 09:06:26.556,2026-09-29 17:33:57.043,,false,false
cmtleek6u0001t8y2ea913im9,Alan Bas Moreno,2026-01-20,Francisco Bas Esparza,679012369,fran.basesparza@gmail.com,efectivo,trimestral,active,"{""2026-09"":[false,false,true,""present""]}",cmt4oegkf00045518wqdsfgfi,cmtlqwamd0004y27g35gf42zx,true,true,2026-09-03 10:44:41.526,2026-09-24 18:30:31.055,,false,false
cmtleg44p00043vv96y62e9z7,"Jaime López Hernández ",2024-04-21,Alicia Hernández Pérez,722575126,ahernandezperez7@gmail.com,stripe,trimestral,active,"{""2026-09"":[false,""present"",true,""present""]}",cmt4oegkf00005518cm4ohujd,cmtleg3fz00023vv9vfizo6o2,true,true,2026-09-03 10:45:54.026,2026-09-29 15:21:00.531,,false,false
cmtlhatl900027e9dish9kea3,"Iván Riquelme ",2024-01-02,"María Ángeles Riquelme ",626710692,mangelesrr@yahoo.es,efectivo,trimestral,active,"{""2026-09"":[null,null,""present"",""present""]}",cmt4oegkf00055518m63b0bpz,cmtlhatbl00007e9d47rkjfrs,true,true,2026-09-03 12:05:45.933,2026-09-24 18:32:12.185,Paga como alumno Empi hasta diciembre. En enero ya no,false,false
cmtlit39a0002j8jw0d9oomis,"Laia Peiró Sandoval ",2026-01-10,Laura Peiró,600851470,laurapeirocada@gmail.com,stripe,mensual,active,"{""2026-09"":[false,false,true,""present""]}",cmt4oegkf00075518yju8jb9c,cmtlit2jb0000j8jwd9vqa43l,true,true,2026-09-03 12:47:57.887,2026-09-25 16:32:02.732,,false,false
cmtlon9ht0006m28sephap5r3,Athenea Fenoll Lopez,2024-11-22,Virginia López García,687415052,labrujitavir@hotmail.com,efectivo,mensual,active,"{""2026-09"":[false,""present"",true,""present""]}",cmt4oegkf00015518dwgvruls,cmtlon8t60004m28sega5occl,true,true,2026-09-03 15:31:23.729,2026-09-29 17:33:53.718,,false,false
cmtlprc6g0002613v7dp3ee9y,Nico Jódar Yelo,2024-07-30,Ginés Jóda Vidal,630674989,ginesjodarvidal@gmail.com,stripe,trimestral,active,"{""2026-09"":[false,""present"",true,""absent""]}",cmt4oegkf00005518cm4ohujd,cmtlprbh70000613v2sftockv,true,true,2026-09-03 16:02:33.448,2026-09-29 15:21:13.366,,true,false
cmtlqtlsq0001y27g8smxpcq5,Claudia Martínez Zabala,2023-12-02,Marta Zabala Blázquez,696463311,martaisabelzabala29@gmail.com,stripe,trimestral,active,"{""2026-09"":[null,null,""present"",""present""]}",cmt4oegkf00055518m63b0bpz,cmtlqqoon0000s0kcq81fsy1m,true,true,2026-09-03 16:32:18.842,2026-09-24 18:32:09.26,,false,false
cmtlrdv6e0002x9vfihhp6vee,Gema Vilariño Escámez,2023-12-23,Jorge Vilariño Cánovas,653110120,tomapanymoja+empi@gmail.com,stripe,trimestral,active,"{""2026-09"":[null,null,""present"",""present""]}",cmt4oegkf00055518m63b0bpz,cmtlrduhm0000x9vfq5nb4dtj,true,true,2026-09-03 16:48:04.118,2026-09-24 18:32:10.541,,false,false
cmtly3nig0001xspg5bkdqaaj,Sofía Belmonte Muñoz,2024-07-09,Natalia Muñoz Sahelices,619814427,naty88_@msn.com,efectivo,trimestral,active,"{""2026-09"":[false,""present"",true,""absent""]}",cmt4oegkf00005518cm4ohujd,cmtldsqbx0000w72vhwk2v7s0,true,true,2026-09-03 19:56:04.936,2026-09-29 15:21:19.859,,false,false
cmtlzb4mc0002o2gooil67710,Mario Campos Muñoz,2025-07-28,"Nuria Muñoz Sahelices ",667832930,nuriiaa_3@hotmail.com,efectivo,trimestral,active,"{""2026-09"":[false,""present"",true,""absent""]}",cmt4oegkf00005518cm4ohujd,cmtlzb3xm0000o2goigcc8nry,true,true,2026-09-03 20:29:53.317,2026-09-29 15:21:11.069,,true,false
cmtlzfcuw0009o2go2ecspyof,Mar Fernández Navarro,2025-10-28,Carmen Navarro Ortiz de Orruño,670505006,carmennavarroortiz20@gmail.com,stripe,mensual,active,"{""2026-09"":[false,""present"",""absent"",""present""]}",cmt4oegkf00025518orox2fob,cmtlzfc4x0007o2gontp4ly3s,true,true,2026-09-03 20:33:10.616,2026-09-29 17:33:29.646,,false,false
cmtlzwq9w0005b73bfsg50889,"Ernesto De La Torre Castejón ",2025-01-04,"Ernesto De La Torre Fernández ",669694771,j.ernesto.dlt@gmail.com,efectivo,mensual,active,"{""2026-09"":[false,false,true,""absent""]}",cmt4oegkf00075518yju8jb9c,cmtlfwet90000947ut4hum14r,true,true,2026-09-03 20:46:41.157,2026-09-25 16:31:58.629,,false,false
cmtm94ook00028sy6hxfm5ttl,Elías Barry Ebesi,2024-04-29,Elisa Ebesi Botau,600701252,ebotau69164@gmail.com.com,stripe,mensual,active,"{""2026-09"":[null,""absent"",""present"",""present""]}",cmt4oegkf00025518orox2fob,cmtm94nyk00008sy64ak2yzhb,true,true,2026-09-04 01:04:48.885,2026-09-29 17:33:15.889,,false,false
cmtmggwvy00011buiu7yumxfp,Álvaro Mayans Hellín,2024-03-28,Marian Hellín Cantero,619573329,marian.hellincantero@gmail.com,stripe,trimestral,active,"{""2026-09"":[false,false,true,""absent""]}",cmt4oegkf00045518wqdsfgfi,cmtlny4md0000wd2s71eh6kur,true,true,2026-09-04 04:30:16.703,2026-09-24 18:30:33.683,,false,false
cmtmkvpt300023fwdcoqne5wy,"Elena Monserrate Sáez ",2023-03-08,María,608933505,mariasaezcazorla@gmail.com,stripe,mensual,active,"{""2026-09"":[false,false,true,""present""]}",cmt4oegkf00085518k8pvvczl,cmtmkvp2s00003fwdvp662yhf,true,true,2026-09-04 06:33:45.831,2026-09-25 17:37:35.208,,false,false
cmtmoiquj00028geqtdgaqvdx,Isabela Molina,2024-10-21,Ainoa marin,608707368,marindelcerroainoa@gmail.com,efectivo,trimestral,active,"{""2026-09"":[false,""present"",true,""absent""]}",cmt4oegkf00005518cm4ohujd,cmtmoiq4x00008geqzcl5xbvv,true,true,2026-09-04 08:15:39.115,2026-09-29 15:20:56.845,,true,false
cmtmoj2r800068geq4c3cdmp9,Helena Cano Rodrigues,2024-12-07,Carolina Rodrigues,644604745,p.rodrigues.carolina@gmail.com,stripe,mensual,active,"{""2026-09"":[false,false,true,""absent""]}",cmt4oegkf00045518wqdsfgfi,cmtlockun0000jhwdyk08ti4v,true,true,2026-09-04 08:15:54.548,2026-09-24 18:30:41.132,,false,false
cmtmoky38000d8geqt7v9bpzs,Jara López Fernández,2024-12-12,Beatriz López Sancho,696191709,lopezsancho.beatriz@gmail.com,stripe,mensual,active,"{""2026-09"":[false,false,true,""present""]}",cmt4oegkf00035518jln81z7v,cmtmokxfd000b8geqnbqij09h,true,true,2026-09-04 08:17:21.812,2026-09-24 18:31:22.424,,false,false
cmtmt0jt90002vcrkijxs7zs9,"Julia Martínez García ",2024-11-17,"Rosario García López ",695262996,rosariogarcialopez88@gmail.com,efectivo,mensual,active,"{""2026-09"":[false,""present"",true,""absent""]}",cmt4oegkf00025518orox2fob,cmtmt0j3r0000vcrkr73fyrd7,true,true,2026-09-04 10:21:28.27,2026-09-29 17:33:24.907,,true,false
cmtmujq9v00023nxtxkgxhoy5,"Lola Santa Cruz Abad ",2024-09-09,"Alba Santa Cruz ",676610383,albascd@gmail.com,stripe,trimestral,active,"{""2026-09"":[false,false,true,""present""]}",cmt4oegkf00035518jln81z7v,cmtmujpl200003nxt2ikeekij,true,true,2026-09-04 11:04:22.724,2026-09-24 18:31:24.16,,true,false
cmtn6yxef00027dpckzws0t9x,"Clara Galán Sánchez ",2023-08-31,"Isabel Galán Carrillo ",607802105,isabelgalancarrillo@gmail.com,stripe,mensual,active,"{""2026-09"":[null,null,""present"",""absent""]}",cmt4oegkf00055518m63b0bpz,cmtn6ywp100007dpc50k9qid0,true,true,2026-09-04 16:52:07.191,2026-09-24 18:32:07.494,,false,false
cmtnfhv6a000267j2chjcovoa,Rafael Galián Pérez,2024-04-17,Rafael Perez Baquero,659348269,rafaelperbaq@gmail.com,stripe,trimestral,active,"{""2026-09"":[null,""absent"",""present"",""present""]}",cmt4oegkf00005518cm4ohujd,cmtnfhuga000067j2k8vk0bn8,true,true,2026-09-04 20:50:47.698,2026-09-29 15:21:17.452,,true,false
cmtnl1uwl00021tkor03kxa95,"Mar Martínez Vidal ",2024-12-02,María Huertas Vidal Giménez,693229993,marihuertasvidal@gmail.com,stripe,trimestral,active,"{""2026-09"":[false,""present"",true,""present""]}",cmt4oegkf00015518dwgvruls,cmtnl1u6c00001tkoq09fpp66,true,true,2026-09-04 23:26:18.549,2026-09-29 17:34:02.128,,false,false
cmtnzol4z000613j72xxhgwyz,Clara Zafra Bernal,2025-08-30,Lucía Bernal Díaz,618563999,lubernaldiaz@gmail.com,efectivo,mensual,active,"{""2026-09"":[null,""present"",""absent"",""present""]}",cmt4oegkf00025518orox2fob,cmtnzllai000013j795tukx9f,true,true,2026-09-05 06:15:53.603,2026-09-29 17:33:00.242,,false,false
cmto3hzdj0002c7o51c286wxd,Gabriel Egea,2024-01-02,"Aurora Egea ",620365916,auroraegea1984@gmail.com,efectivo,mensual,active,"{""2026-09"":[null,null,""present"",""present""]}",cmt4oegkf00065518hqasuf8x,cmto3hyof0000c7o5rt4b5hxz,true,true,2026-09-05 08:02:43.928,2026-09-25 15:19:22.468,,true,false
cmtox78sz000112mkxv5vmewa,"Guillermo José Valera López ",2024-07-04,Raquel Lopez,617477767,raqueliana28@gmail.com,stripe,trimestral,active,"{""2026-09"":[false,false,true,""absent""]}",cmt4oegkf00035518jln81z7v,cmtkj9qvp0000jvfsst8j4ui4,true,true,2026-09-05 21:54:11.41,2026-09-24 18:31:17.596,,true,false
cmtpyktcp0002o1uyii9h15vm,Aimar García Meroño,2024-11-16,"Virginia Meroño Esparza ",669266060,vmesparza84@gmail.com,stripe,mensual,active,"{""2026-09"":[false,""present"",""absent"",""present""]}",cmt4oegkf00025518orox2fob,cmtpykslu0000o1uy869vs49r,true,true,2026-09-06 15:20:30.362,2026-09-29 17:32:52.239,,false,false
cmtpzio190002ku9vk2ie2wan,SOFIA NAVARRO MARTINEZ,2025-01-15,MARIA MERCEDES MARTINEZ CARCELES,687643990,mariamercedes.martinez6@murciaeduca.es,stripe,trimestral,active,"{""2026-09"":[false,false,true,""present""]}",cmt4oegkf00045518wqdsfgfi,cmtpzincs0000ku9vzd4b2oi4,true,true,2026-09-06 15:46:49.774,2026-09-24 18:30:56.244,,false,false
cmtr3rs6l00026z5hl0tzk20r,"Hugo Piñera García ",2024-04-20,"Silvia García García ",609968328,silviagrc0@gmail.com,stripe,trimestral,active,"{""2026-09"":[false,false,true,""present""]}",cmt4oegkf00035518jln81z7v,cmtr3rrhd00006z5hdgb824to,true,true,2026-09-07 10:33:39.693,2026-09-24 18:31:19.588,,true,false
cmtr54e5h0002dyg54cc2eg0o,"Milo Esparza López ",2025-01-24,"Juan Antonio López ",626366343,thelopezzz@hotmail.com,stripe,mensual,active,"{""2026-09"":[false,""present"",true,""absent""]}",cmt4oegkf00025518orox2fob,cmtr54dfk0000dyg5aleti32q,true,true,2026-09-07 11:11:27.653,2026-09-29 17:33:31.98,,false,false
cmtreidg400028jlmjudo428p,"María Julia Tapia Muro ",2025-07-05,"Lezweth Muro del Mar ",610924604,lezweth@gmail.com,efectivo,mensual,active,"{""2026-09"":[false,false,""present"",""present""]}",cmt4oegkf00045518wqdsfgfi,cmtreicr600008jlm3v1h0x1m,true,true,2026-09-07 15:34:16.469,2026-09-24 18:30:50.798,,false,false
cmtrfjvcw0002s1fleppseane,Martín Hidalgo Ferriz,2024-08-14,Alberto Hidalgo Pérez,677712655,alb_hidalgop@hotmail.com,efectivo,trimestral,active,"{""2026-09"":[null,null,""absent"",""absent""]}",cmt4oegkf00035518jln81z7v,cmtrfjuo70000s1flwuryztkw,true,true,2026-09-07 16:03:25.952,2026-09-24 18:31:29.015,,true,false
cmtsxeqzf000414mun271zzth,Rodrigo Belluga Sánchez,2024-12-30,Maria Teresa Sánchez,626801808,mteresasanchezm@hotmail.com,stripe,mensual,active,"{""2026-09"":[null,null,""absent"",""absent""]}",cmt4oegkf00045518wqdsfgfi,cmtsxeqaf000214muoyv65fz3,true,true,2026-09-08 17:11:06.267,2026-09-24 12:38:45.258,,false,false
cmtwy1wh70002uyogjmfcj90i,Greta González Blanco,2025-10-19,Cristina Blanco,680251591,cristina-blanco90@hotmail.es,efectivo,mensual,active,"{""2026-09"":[false,false,true,""absent""]}",cmt4oegkf00075518yju8jb9c,cmtwy1vre0000uyogjgoe024f,true,true,2026-09-11 12:40:11.18,2026-09-25 16:32:00.864,,false,false
cmtxgi2xi0002wbawcehk6di7,Sofía López-Navarro López,2024-06-18,Belén López Martínez,667955080,belenloma@gmail.com,stripe,mensual,active,"{""2026-09"":[false,false,""present"",""present""]}",cmt4oegkf00035518jln81z7v,cmtxgi26k0000wbaw3050jk2e,true,true,2026-09-11 21:16:39.126,2026-09-24 18:31:41.774,,false,false
cmu00554q0002yk8lvnon1mms,"Ignacio Manteca Escudero ",2026-01-21,Ángela Escudero Herrero,680475696,angela.escu13@gmail.com,stripe,trimestral,active,"{""2026-09"":[false,""present"",true,""absent""]}",cmt4oegkf00025518orox2fob,cmu0054eg0000yk8l316gwcl2,true,true,2026-09-13 16:02:00.122,2026-09-29 17:33:22.283,,false,false
cmu3u4gke0002eiung1sci39a,"Marco Nicolás Leal ",2024-01-23,"Marta Leal Barceló ",626328409,martitaa4490@gmail.com,efectivo,mensual,active,"{""2026-09"":[null,""absent"",""present"",""present""]}",cmt4oegkf00005518cm4ohujd,cmu3u4ftx0000eiunndpwo4bi,true,true,2026-09-16 08:24:35.294,2026-09-29 15:21:05.87,,true,false
cmub1prdv000110jdiihonu8p,Dummy Child (Javi),2020-01-01,Javi,123456789,jamusanchez@gmail.com,efectivo,mensual,active,{},cmt4oegkf00005518cm4ohujd,cmtiwgabh0000u3z7gijwtkbl,true,true,2026-09-21 09:31:29.635,2026-09-21 09:31:29.635,,false,false
cmueb2xy5000412wi30q8zo7c,Saúl Roldán Hernández,2024-12-17,Laura Hernandez Ferrández,687928042,hernandezlauri@gmail.com,stripe,mensual,active,"{""2026-09"":[null,null,""absent"",""absent""]}",cmt4oegkf00045518wqdsfgfi,cmueb2x8t000212wiqoewzx8m,true,true,2026-09-23 16:16:59.741,2026-09-24 12:38:40.703,,true,false
cmueg4t2500027yzcy33ml215,Pablo Navarro Hernández,2024-11-07,"Enrique Navarro García ",673582188,qnavarro94@gmail.com,stripe,mensual,active,"{""2026-09"":[null,null,""absent"",""present""]}",cmt4oegkf00065518hqasuf8x,cmueg4r5500007yzct0c6cptp,true,true,2026-09-23 18:38:24.797,2026-09-25 15:19:30.045,,true,false
cmulmd83b0004swf7g7yfr2iy,"Manuela Martínez Lucas ",2023-11-18,Manuela Lucas Turpín,656870233,manuela89mlt@gmail.com,stripe,mensual,active,{},cmt4oegkf00085518k8pvvczl,cmulmd7ee0002swf7fuvo31th,true,true,2026-09-28 19:07:18.455,2026-09-28 19:17:52.745,,false,false
cmulngluw000ecqw5prtax4b7,Manuel Majuelo,2025-08-03,Ana Sánchez Serrano,674016915,anas181999@gmail.com,efectivo,trimestral,active,{},cmt4oegkf00065518hqasuf8x,cmulngl6m000ccqw5bx7jdpa6,true,true,2026-09-28 19:37:55.88,2026-09-28 19:40:22.869,,false,false