id,name,email,emailVerified,image,role,stripeId,hasActiveSub
cmtbhhnpp0000eh1elwf0g1vu,,musicabalu@gmail.com,2026-09-03 14:31:38.179,,admin,,false
cmtiwgabh0000u3z7gijwtkbl,Muñoz Sánchez,jamusanchez@gmail.com,2026-09-22 10:04:12.129,,familia,cus_VBHbQ6LMJyf1O2,true
cmtiwnjdw0005u3z7z13ho3nm,Test,test@musicabalu.com,,,familia,,false
cmtiwp01t0008u3z7hc2maw0t,Test,testlive@musicabalu.com,,,familia,,false
cmtj5j9yz0000hhzbig1lvzux,"Irene García ",irenegt92@gmail.com,2026-09-14 14:35:33.613,,familia,cus_VBLUcosxmLTo3l,false
cmtk4r4qs0000iiymctlx4d1k,"Irene Manzanares García ",irenemanzanaresgarcia@gmail.com,2026-09-15 06:08:37.949,,familia,cus_VBbOMRBXNvyrGN,false
cmtk8mbwu00006m0wff48qmyc,"Azahara Sánchez ",azahara.sm@outlook.com,2026-09-02 15:20:49.77,,familia,,false
cmtk97n5a000d6m0wahs95a9l,Cristina Hernández Avilés,cristinaheravi@gmail.com,2026-09-02 15:40:40.184,,familia,cus_VBdPzYh2CIgJ3m,false
cmtka22e40004kx1n1ahrqzna,"Irene García García ",irene.garciag05@gmail.com,,,familia,cus_VBdmCK56AVIsps,false
cmtka3azh0000p0y2howyyqhf,Elvy Natali Hernández Ceballos,elvynatalih@gmail.com,2026-09-16 14:48:20.203,,familia,cus_VBdnh6llmrvPTe,false
cmtkbi3la0000oekp6r193ltr,Maribel Jacobo Pérez,maribeljp87@gmail.com,2026-09-14 14:17:00.924,,familia,cus_VBeRETPcAyd1dO,false
cmtkbmsc60007oekplke7hwfu,"Laura Garcia Larrosa/ Daniel Lopez Alegría ",lauragarcia621@hotmail.com,2026-09-07 17:39:28.75,,familia,cus_VBeVn74mhQ6AQt,false
cmtkbuk9r000eoekpguuzvm3a,Margarita Moreno Molina,margarita.moreno.molina@hotmail.com,2026-09-03 08:41:16.156,,familia,cus_VBebE8QszB4O1r,false
cmtkc21yg000joekppkd7pc8i,"María Fernández ",fergarmaria1@gmail.com,2026-09-17 09:46:46.839,,familia,cus_VBegosV0BB0DHr,false
cmtkcu8kh000031y9oj5uva3t,"Lydia Serrano Diaz ",lydiaserranodiaz@gmail.com,,,familia,cus_VBf2KTMvRNAqbA,false
cmtkdu02w0000mjcviu5yrhy1,María Dolores Victoria Rodenas,dvrdoc@gmail.com,2026-09-22 21:03:18.996,,familia,cus_VBfUXBd7MobOu1,false
cmtkdzokf0007mjcvp3q9hhbq,"Carlos Martínez Martínez ",cmartinezmtez@gmail.com,2026-09-07 19:44:23.728,,familia,cus_VBfZa36UnsKoyK,false
cmtke5o05000imjcv5chhmvaz,María Ángeles Murcia Montiel,marieangels_9@hotmail.com,,,familia,cus_VBfdlYvFhTHJLm,false
cmtkeedz5000012mzvacwmhv0,marina.alvcon,marina.alvcon@gmail.com,,,educador,,false
cmtkeee3c000112mze6bn138z,marian_jaming,marian_jaming@hotmail.com,,,educador,,false
cmtkeee58000212mzuzdow8u4,raquel.lopez,raquel.lopez@colegiosfec.com,2026-09-03 21:36:33.67,,educador,,false
cmtkeee93000312mzbbjnh5w0,arancha.silva,arancha.silva@hotmail.com,,,educador,,false
cmtkeeeaw000412mzd7tk36yw,merche_martinez,merche_martinez@hotmail.com,2026-09-06 15:41:25.183,,educador,,false
cmtkeeecj000512mznwe1qhjx,roxana.parraga92,roxana.parraga92@hotmail.com,2026-09-17 12:05:44.435,,educador,cus_VBhwIMH4KwfOcL,false
cmtkeeee5000612mzqdeae9vx,cristinagarci02,cristinagarci02@gmail.com,,,educador,,false
cmtkeeefv000712mzj5qj6msp,marta.bernad,marta.bernad@murciaeduca.es,,,educador,,false
cmtkeeehj000812mzbi3zzm9c,irene.empi,irene.empi@gmail.com,,,educador,,false
cmtkeeejf000912mzr19bp4qh,ainhoaempi,ainhoaempi@gmail.com,,,educador,,false
cmtkhplmk0000f1pefyr1qyy4,"Jesús Cruz Membrives ",jcruzmem@gmail.com,2026-09-02 21:22:33.476,,familia,cus_VBhF4gNRB7fgl3,false
cmtkidvh10000i0lzxi9s0few,"María A. Vélez ",velezcamachomaria@gmail.com,2026-09-14 17:08:49.696,,familia,cus_VBhYxd9XTprXrM,false
cmtkj02gp000431kxmrljm53l,Ana Illán Franco,anaillanfranco@gmail.com,2026-09-07 19:50:58.556,,familia,cus_VBhpV2xX3IFgHv,false
cmtkj9qvp0000jvfsst8j4ui4,,raqueliana28@gmail.com,2026-09-05 21:50:27.956,,educador,cus_VCrFYVjYS5vcWl,false
cmtkjk9c1000hjvfshicchnzt,"Adriana Nicolás ",adrianika01@hotmail.com,2026-09-02 20:23:36.435,,familia,,false
cmtkjucn3000qjvfsuckmz0pq,Alicia Fernández Sotos,alicia.fersotal@gmail.com,2026-09-02 20:48:30.101,,familia,cus_VBiCmb6wUpLzOV,false
cmtkkdh3e0011jvfsdl463whc,"Araceli Hernández Pérez ",aracelihernandezperez8@gmail.com,2026-09-02 20:49:24.436,,familia,cus_VBiRUDhUDwggPE,false
cmtkkfujl0018jvfsx82mxf2c,Pablo Cereijo Hernandez,pcereijoh@gmail.com,2026-09-02 20:52:32.689,,familia,cus_VBiTVZSTKqtJjJ,false
cmtkl143y0000h4k2iockei9v,"Andrea Leal ",andrea.leal55555@gmail.com,2026-09-20 12:32:43.658,,familia,cus_VBikAg9nmUAr3X,false
cmtkl3ptt0005h4k2lljbsuxr,"Davinia López García ",davinialo88@gmail.com,2026-09-03 21:06:23.175,,familia,cus_VBimFdXP33CpIZ,false
cmtkmbvi00000heklytj0u4b9,Carmen López Albert,carmen.lopez.albert@live.com,2026-09-07 16:17:59.46,,familia,cus_VBjKurlUBfdy0c,false
cmtl8f25m0002arxr7ibxagyq,"Raquel Colado Manero ",camcola.family@gmail.com,2026-09-03 18:17:18.597,,familia,cus_VBtInbR0lty1ho,false
cmtl8sj9900009cze2qvob036,Ana López-Acosta Pascual de Riquelme,alopezacostavdg@gmail.com,2026-09-16 13:42:02.211,,familia,cus_VBtTAqJkpTzKcw,false
cmtl9ldct0000100rop1l1gjd,Cristina García - Estañ Vidal,cristigev94@gmail.com,2026-09-03 08:38:16.871,,familia,cus_VBtpMS0UsErlhh,false
cmtlaw6wb0000nuyw6wjwb31h,"Carmen Roca ",carmenrocaguillen@gmail.com,2026-09-27 18:34:55.473,,familia,cus_VBuQo66ldfeug2,false
cmtldsqbx0000w72vhwk2v7s0,Natalia Muñoz Sahelices,naty88_@msn.com,2026-09-19 09:10:40.22,,familia,cus_VBvjNHpLzHiQ6A,false
cmtleg3fz00023vv9vfizo6o2,Alicia Hernández Pérez,ahernandezperez7@gmail.com,2026-09-23 14:02:58.724,,familia,cus_VBw1swVsTw7Jcn,false
cmtlfwet90000947ut4hum14r,"Ernesto De La Torre Fernández ",j.ernesto.dlt@gmail.com,,,familia,cus_VBwgQbpAEmwY8U,false
cmtlhatbl00007e9d47rkjfrs,"María Ángeles Riquelme ",mangelesrr@yahoo.es,2026-09-17 10:37:52.421,,familia,,false
cmtlit2jb0000j8jwd9vqa43l,Laura Peiró,laurapeirocada@gmail.com,2026-09-03 12:50:20.605,,familia,cus_VBxzwUWPDHVtKX,false
cmtlny4md0000wd2s71eh6kur,Marian Hellín Cantero,marian.hellincantero@gmail.com,,,familia,cus_VC0J8clmkaDsw5,false
cmtlockun0000jhwdyk08ti4v,Carolina Rodrigues,p.rodrigues.carolina@gmail.com,2026-09-04 08:14:22.361,,familia,cus_VC0Uh0NUrU5xIU,false
cmtlon8t60004m28sega5occl,Virginia López García,labrujitavir@hotmail.com,2026-09-08 05:43:58.9,,familia,cus_VC0dabKROS9ROq,false
cmtlprbh70000613v2sftockv,Ginés Jóda Vidal,ginesjodarvidal@gmail.com,2026-09-07 18:53:32.194,,familia,cus_VC18rvypogVsLb,false
cmtlqqoon0000s0kcq81fsy1m,Marta Zabala Blázquez,martaisabelzabala29@gmail.com,2026-09-08 23:47:58.688,,familia,cus_VC1ZIlU2PaMorT,false
cmtlqwamd0004y27g35gf42zx,Francisco Bas Esparza,fran.basesparza@gmail.com,2026-09-24 13:21:26.853,,familia,cus_VBvtoyDPVPSaSB,false
cmtlrduhm0000x9vfq5nb4dtj,Jorge Vilariño Cánovas,tomapanymoja+empi@gmail.com,2026-09-03 17:18:49.936,,familia,cus_VC1rDsgQN83SNo,false
cmtlzb3xm0000o2goigcc8nry,"Nuria Muñoz Sahelices ",nuriiaa_3@hotmail.com,2026-09-03 20:46:25.831,,familia,cus_VC5RwrgUS1f3lp,false
cmtlzfc4x0007o2gontp4ly3s,Carmen Navarro Ortiz de Orruño,carmennavarroortiz20@gmail.com,2026-09-16 14:34:19.454,,familia,cus_VC5UxRWt9Fj4vH,false
cmtm94nyk00008sy64ak2yzhb,Elisa Ebesi Botau,ebotau69164@gmail.com.com,,,familia,cus_VC9sio41bUhE1U,false
cmtmkvp2s00003fwdvp662yhf,María,mariasaezcazorla@gmail.com,,,familia,cus_VCFBxqc7OVcQZq,false
cmtmoiq4x00008geqzcl5xbvv,Ainoa marin,marindelcerroainoa@gmail.com,,,familia,cus_VCGp09uh2QGtqL,false
cmtmokxfd000b8geqnbqij09h,Beatriz López Sancho,lopezsancho.beatriz@gmail.com,2026-09-18 10:41:41.42,,familia,cus_VCGrZf42PhuECx,false
cmtmt0j3r0000vcrkr73fyrd7,"Rosario García López ",rosariogarcialopez88@gmail.com,2026-09-04 10:45:32.537,,familia,cus_VCIrytjl1tmCeZ,false
cmtmujpl200003nxt2ikeekij,"Alba Santa Cruz ",albascd@gmail.com,,,familia,cus_VCJYI1VDZaBne0,false
cmtn6a8f70000rwp1htb1obnf,"Lola Sanchez Lacarcel ",lolasanchezlacarcel@gmail.com,2026-09-15 09:31:13.818,,familia,cus_VCOqnrYQhmIV0O,false
cmtn6ywp100007dpc50k9qid0,"Isabel Galán Carrillo ",isabelgalancarrillo@gmail.com,2026-09-17 18:27:58.171,,familia,cus_VCP9Z7jq0a4736,false
cmtnfhuga000067j2k8vk0bn8,Rafael Perez Baquero,rafaelperbaq@gmail.com,2026-09-16 14:12:58.318,,familia,cus_VCT0ds7B6gKwb9,false
cmtnl1u6c00001tkoq09fpp66,María Huertas Vidal Giménez,marihuertasvidal@gmail.com,,,familia,cus_VCVVUvciNZ9B6g,false
cmtnzllai000013j795tukx9f,Lucia Bernal Diaz,lubernaldiaz@gmail.com,,,familia,cus_VCc5r50c9pqheD,false
cmto3hyof0000c7o5rt4b5hxz,"Aurora Egea ",auroraegea1984@gmail.com,2026-09-26 14:52:57.127,,familia,cus_VCdqvea9UaDpLY,false
cmtpykslu0000o1uy869vs49r,"Virginia Meroño Esparza ",vmesparza84@gmail.com,2026-09-16 16:08:44.836,,familia,cus_VD88ei9PQlex3G,false
cmtpzincs0000ku9vzd4b2oi4,MARIA MERCEDES MARTINEZ CARCELES,mariamercedes.martinez6@murciaeduca.es,,,familia,cus_VD8Y1qw8dGTSkg,false
cmtr3rrhd00006z5hdgb824to,"Silvia García García ",silviagrc0@gmail.com,2026-09-07 10:35:43.136,,familia,cus_VDQjXZ22Zk6VU4,false
cmtr54dfk0000dyg5aleti32q,"Juan Antonio López ",thelopezzz@hotmail.com,2026-09-17 13:30:28.078,,familia,cus_VDRLdOv7yyP6g7,false
cmtreicr600008jlm3v1h0x1m,"Lezweth Muro del Mar ",lezweth@gmail.com,2026-09-07 21:33:22.697,,familia,cus_VDVZas8gE6672S,false
cmtrfjuo70000s1flwuryztkw,Alberto Hidalgo Pérez,alb_hidalgop@hotmail.com,,,familia,cus_VDW3Gi536xrtXJ,false
cmtsxeqaf000214muoyv65fz3,Maria Teresa Sánchez,mteresasanchezm@hotmail.com,,,familia,cus_VDuMqcua7wv7EV,false
cmtwvmwjp0000hdctxtn09xuv,,cristina.moreno9@murciaeduca.es,2026-09-17 08:54:54.037,,familia,,false
cmtwy1vre0000uyogjgoe024f,Cristina Blanco,cristina-blanco90@hotmail.es,2026-09-11 13:39:45.884,,familia,cus_VExfqZdOw3Dhkm,false
cmtxgi26k0000wbaw3050jk2e,Belén López Martínez,belenloma@gmail.com,2026-09-25 10:06:35.993,,familia,cus_VF60gHu2vk0Qqa,false
cmu0054eg0000yk8l316gwcl2,Ángela Escudero Herrero,angela.escu13@gmail.com,2026-09-15 10:42:46.088,,familia,cus_VFlN2SU2AuAhxW,false
cmu0lrsku0000ns5q9lh6fhk7,,ebotau69164@gmail.com,2026-09-17 04:37:18.963,,familia,,false
cmu29ihzn0000vmjxbzsuvghk,,lolicaesparza@gmail.com,2026-09-15 05:59:52.21,,familia,,false
cmu3u4ftx0000eiunndpwo4bi,"Marta Leal Barceló ",martitaa4490@gmail.com,,,familia,cus_VGlgxGm3E0iMpq,false
cmud5owja0000lzsccdgsvnhe,,santosajofrin@gmail.com,2026-09-22 20:58:20.47,,familia,,false
cmueb2x8t000212wiqoewzx8m,Laura Hernandez Ferrández,hernandezlauri@gmail.com,2026-09-28 21:38:54.186,,familia,cus_VJVsvMJ2YuGHuE,false
cmueg4r5500007yzct0c6cptp,"Enrique Navarro García ",qnavarro94@gmail.com,2026-09-25 08:37:11.616,,familia,cus_VJYAKMdEuO28zN,false
cmukbph7e0000ipfbic6qso25,,ajdiazperez@gmail.com,2026-09-27 21:21:08.185,,familia,,false
cmulmd7ee0002swf7fuvo31th,Manuela Lucas Turpín,manuela89mlt@gmail.com,2026-09-28 19:37:00.138,,familia,cus_VLQkEWEKavmvz0,false
cmulngl6m000ccqw5bx7jdpa6,Ana Sánchez Serrano,anas181999@gmail.com,2026-09-28 19:43:06.66,,familia,cus_VLRFItdlZQjHCC,false